<?xml version="1.0" encoding="UTF-8"?>
<addon id="plugin.video.rosa" version="0.0.1" name="Video Plugin" provider-name="Salem">
<requires>
  <import addon="xbmc.python" version="2.24.0"/>
</requires>
<extension point="xbmc.python.pluginsource" library="main.py">
  <info compressed="false">https://github.com/salemscreen/rosa/blob/master/addon.xml</info>
    <checksum>https://github.com/salemscreen/rosa/blob/master/addon.xml.md5</checksum>
  <provides>video</provides>
</extension>
<extension point="xbmc.addon.metadata">
  <summary lang="en">RosA</summary>
  <description lang="en">RosA 1</description>
  <disclaimer lang="en">RosA 2</disclaimer>
  <assets>
    <icon>icon.png</icon>
    <fanart>fanart.jpg</fanart>
    <screenshot>resources\screenshot-01.jpg</screenshot>
    <screenshot>resources\screenshot-02.jpg</screenshot>
    <screenshot>resources\screenshot-03.jpg</screenshot>    
  </assets>
  <news>salemscreen</news>
</extension>
</addon>
